{"cameraMode":{"drawMode":0,"name":"Shaded","section":"Shading Mode"},"sceneLighting":true,"audioPlay":false,"sceneViewState":{"showFog":true,"showMaterialUpdate":false,"showSkybox":true,"showFlares":true,"showImageEffects":true,"showParticleSystems":true},"in2DMode":false,"pivot":{"x":-0.5717853903770447,"y":0.22451213002204896,"z":-7.559406757354736},"rotation":{"x":0.0033049844205379488,"y":-0.988312840461731,"z":0.1508851796388626,"w":0.021645283326506616},"size":0.3399801254272461,"orthographic":false}