{"cameraMode":{"drawMode":0,"name":"Shaded","section":"Shading Mode"},"sceneLighting":true,"audioPlay":false,"sceneViewState":{"showFog":true,"showMaterialUpdate":false,"showSkybox":true,"showFlares":true,"showImageEffects":true,"showParticleSystems":true},"in2DMode":false,"pivot":{"x":1.2219502925872803,"y":0.3441751003265381,"z":-8.099470138549805},"rotation":{"x":0.06985651701688767,"y":-0.8921326994895935,"z":0.4210891127586365,"w":0.14800073206424714},"size":1.9939393997192383,"orthographic":false}