{"cameraMode":{"drawMode":0,"name":"Shaded","section":"Shading Mode"},"sceneLighting":true,"audioPlay":false,"sceneViewState":{"showFog":true,"showMaterialUpdate":false,"showSkybox":true,"showFlares":true,"showImageEffects":true,"showParticleSystems":true},"in2DMode":false,"pivot":{"x":4.8191237449646,"y":3.8767900466918947,"z":-32.08384323120117},"rotation":{"x":0.3524363040924072,"y":-0.5101751685142517,"z":0.2408052533864975,"w":0.7466853260993958},"size":3.0469107627868654,"orthographic":false}